<?xml version="1.0" encoding="UTF-8"?>
<project-private xmlns="http://www.netbeans.org/ns/project-private/1">
    <editor-bookmarks xmlns="http://www.netbeans.org/ns/editor-bookmarks/2" lastBookmarkId="0"/>
    <open-files xmlns="http://www.netbeans.org/ns/projectui-open-files/2">
        <group>
            <file>file:/C:/Users/TAYYAB%20ALAM/Documents/NetBeansProjects/JobPortalAppSimplified/src/jobportalappsimplified/Job.java</file>
            <file>file:/C:/Users/TAYYAB%20ALAM/Documents/NetBeansProjects/JobPortalAppSimplified/src/jobportalappsimplified/JobPortalAppSimplified.java</file>
            <file>file:/C:/Users/TAYYAB%20ALAM/Documents/NetBeansProjects/JobPortalAppSimplified/src/jobportalappsimplified/JobPortalFrame.java</file>
            <file>file:/C:/Users/TAYYAB%20ALAM/Documents/NetBeansProjects/JobPortalAppSimplified/src/jobportalappsimplified/JobApplication.java</file>
        </group>
    </open-files>
</project-private>
